Unnamed: 0,Diagnosis_cell_type_unified,PLATFORM_RNA,RNASEQ_SOURCE,TUMOR_NORMAL,SAMPLE_NAME,COHORT_LABEL,RNA_BATCH,Diagnosis_cell_type,Platform_general,Diagnosis_cell_type_general,Major_group,Cohort_general
GSM1574195-PUB_DLBCL_GSE64555,Diffuse_Large_B_Cell_Lymphoma,GPL570,FFPE,Tumor,GSM1574195-PUB_DLBCL_GSE64555,PUB_DLBCL_GSE64555,GPL570_FFPE_Unknown,Diffuse_Large_B_Cell_Lymphoma,GPL570,Diffuse_Large_B_Cell_Lymphoma,Diffuse_Large_B_Cell_Lymphoma,PUB_DLBCL_GSE64555
GSM1574196-PUB_DLBCL_GSE64555,Diffuse_Large_B_Cell_Lymphoma,GPL570,FFPE,Tumor,GSM1574196-PUB_DLBCL_GSE64555,PUB_DLBCL_GSE64555,GPL570_FFPE_Unknown,Diffuse_Large_B_Cell_Lymphoma,GPL570,Diffuse_Large_B_Cell_Lymphoma,Diffuse_Large_B_Cell_Lymphoma,PUB_DLBCL_GSE64555
GSM1574197-PUB_DLBCL_GSE64555,Diffuse_Large_B_Cell_Lymphoma,GPL570,FFPE,Tumor,GSM1574197-PUB_DLBCL_GSE64555,PUB_DLBCL_GSE64555,GPL570_FFPE_Unknown,Diffuse_Large_B_Cell_Lymphoma,GPL570,Diffuse_Large_B_Cell_Lymphoma,Diffuse_Large_B_Cell_Lymphoma,PUB_DLBCL_GSE64555
GSM1574198-PUB_DLBCL_GSE64555,Diffuse_Large_B_Cell_Lymphoma,GPL570,FFPE,Tumor,GSM1574198-PUB_DLBCL_GSE64555,PUB_DLBCL_GSE64555,GPL570_FFPE_Unknown,Diffuse_Large_B_Cell_Lymphoma,GPL570,Diffuse_Large_B_Cell_Lymphoma,Diffuse_Large_B_Cell_Lymphoma,PUB_DLBCL_GSE64555
GSM1574199-PUB_DLBCL_GSE64555,Diffuse_Large_B_Cell_Lymphoma,GPL570,FFPE,Tumor,GSM1574199-PUB_DLBCL_GSE64555,PUB_DLBCL_GSE64555,GPL570_FFPE_Unknown,Diffuse_Large_B_Cell_Lymphoma,GPL570,Diffuse_Large_B_Cell_Lymphoma,Diffuse_Large_B_Cell_Lymphoma,PUB_DLBCL_GSE64555
GSM1574200-PUB_DLBCL_GSE64555,Diffuse_Large_B_Cell_Lymphoma,GPL570,FFPE,Tumor,GSM1574200-PUB_DLBCL_GSE64555,PUB_DLBCL_GSE64555,GPL570_FFPE_Unknown,Diffuse_Large_B_Cell_Lymphoma,GPL570,Diffuse_Large_B_Cell_Lymphoma,Diffuse_Large_B_Cell_Lymphoma,PUB_DLBCL_GSE64555
GSM1574201-PUB_DLBCL_GSE64555,Diffuse_Large_B_Cell_Lymphoma,GPL570,FFPE,Tumor,GSM1574201-PUB_DLBCL_GSE64555,PUB_DLBCL_GSE64555,GPL570_FFPE_Unknown,Diffuse_Large_B_Cell_Lymphoma,GPL570,Diffuse_Large_B_Cell_Lymphoma,Diffuse_Large_B_Cell_Lymphoma,PUB_DLBCL_GSE64555
GSM1574202-PUB_DLBCL_GSE64555,Diffuse_Large_B_Cell_Lymphoma,GPL570,FFPE,Tumor,GSM1574202-PUB_DLBCL_GSE64555,PUB_DLBCL_GSE64555,GPL570_FFPE_Unknown,Diffuse_Large_B_Cell_Lymphoma,GPL570,Diffuse_Large_B_Cell_Lymphoma,Diffuse_Large_B_Cell_Lymphoma,PUB_DLBCL_GSE64555
GSM1574203-PUB_DLBCL_GSE64555,Diffuse_Large_B_Cell_Lymphoma,GPL570,FFPE,Tumor,GSM1574203-PUB_DLBCL_GSE64555,PUB_DLBCL_GSE64555,GPL570_FFPE_Unknown,Diffuse_Large_B_Cell_Lymphoma,GPL570,Diffuse_Large_B_Cell_Lymphoma,Diffuse_Large_B_Cell_Lymphoma,PUB_DLBCL_GSE64555
GSM1574204-PUB_DLBCL_GSE64555,Diffuse_Large_B_Cell_Lymphoma,GPL570,FFPE,Tumor,GSM1574204-PUB_DLBCL_GSE64555,PUB_DLBCL_GSE64555,GPL570_FFPE_Unknown,Diffuse_Large_B_Cell_Lymphoma,GPL570,Diffuse_Large_B_Cell_Lymphoma,Diffuse_Large_B_Cell_Lymphoma,PUB_DLBCL_GSE64555
GSM1574205-PUB_DLBCL_GSE64555,Diffuse_Large_B_Cell_Lymphoma,GPL570,FFPE,Tumor,GSM1574205-PUB_DLBCL_GSE64555,PUB_DLBCL_GSE64555,GPL570_FFPE_Unknown,Diffuse_Large_B_Cell_Lymphoma,GPL570,Diffuse_Large_B_Cell_Lymphoma,Diffuse_Large_B_Cell_Lymphoma,PUB_DLBCL_GSE64555
GSM1574206-PUB_DLBCL_GSE64555,Diffuse_Large_B_Cell_Lymphoma,GPL570,FFPE,Tumor,GSM1574206-PUB_DLBCL_GSE64555,PUB_DLBCL_GSE64555,GPL570_FFPE_Unknown,Diffuse_Large_B_Cell_Lymphoma,GPL570,Diffuse_Large_B_Cell_Lymphoma,Diffuse_Large_B_Cell_Lymphoma,PUB_DLBCL_GSE64555
GSM1574207-PUB_DLBCL_GSE64555,Diffuse_Large_B_Cell_Lymphoma,GPL570,FFPE,Tumor,GSM1574207-PUB_DLBCL_GSE64555,PUB_DLBCL_GSE64555,GPL570_FFPE_Unknown,Diffuse_Large_B_Cell_Lymphoma,GPL570,Diffuse_Large_B_Cell_Lymphoma,Diffuse_Large_B_Cell_Lymphoma,PUB_DLBCL_GSE64555
GSM1574208-PUB_DLBCL_GSE64555,Diffuse_Large_B_Cell_Lymphoma,GPL570,FFPE,Tumor,GSM1574208-PUB_DLBCL_GSE64555,PUB_DLBCL_GSE64555,GPL570_FFPE_Unknown,Diffuse_Large_B_Cell_Lymphoma,GPL570,Diffuse_Large_B_Cell_Lymphoma,Diffuse_Large_B_Cell_Lymphoma,PUB_DLBCL_GSE64555
GSM1574209-PUB_DLBCL_GSE64555,Diffuse_Large_B_Cell_Lymphoma,GPL570,FFPE,Tumor,GSM1574209-PUB_DLBCL_GSE64555,PUB_DLBCL_GSE64555,GPL570_FFPE_Unknown,Diffuse_Large_B_Cell_Lymphoma,GPL570,Diffuse_Large_B_Cell_Lymphoma,Diffuse_Large_B_Cell_Lymphoma,PUB_DLBCL_GSE64555
GSM1574210-PUB_DLBCL_GSE64555,Diffuse_Large_B_Cell_Lymphoma,GPL570,FFPE,Tumor,GSM1574210-PUB_DLBCL_GSE64555,PUB_DLBCL_GSE64555,GPL570_FFPE_Unknown,Diffuse_Large_B_Cell_Lymphoma,GPL570,Diffuse_Large_B_Cell_Lymphoma,Diffuse_Large_B_Cell_Lymphoma,PUB_DLBCL_GSE64555
GSM1574211-PUB_DLBCL_GSE64555,Diffuse_Large_B_Cell_Lymphoma,GPL570,FFPE,Tumor,GSM1574211-PUB_DLBCL_GSE64555,PUB_DLBCL_GSE64555,GPL570_FFPE_Unknown,Diffuse_Large_B_Cell_Lymphoma,GPL570,Diffuse_Large_B_Cell_Lymphoma,Diffuse_Large_B_Cell_Lymphoma,PUB_DLBCL_GSE64555
GSM1574212-PUB_DLBCL_GSE64555,Diffuse_Large_B_Cell_Lymphoma,GPL570,FFPE,Tumor,GSM1574212-PUB_DLBCL_GSE64555,PUB_DLBCL_GSE64555,GPL570_FFPE_Unknown,Diffuse_Large_B_Cell_Lymphoma,GPL570,Diffuse_Large_B_Cell_Lymphoma,Diffuse_Large_B_Cell_Lymphoma,PUB_DLBCL_GSE64555
GSM1574213-PUB_DLBCL_GSE64555,Diffuse_Large_B_Cell_Lymphoma,GPL570,FFPE,Tumor,GSM1574213-PUB_DLBCL_GSE64555,PUB_DLBCL_GSE64555,GPL570_FFPE_Unknown,Diffuse_Large_B_Cell_Lymphoma,GPL570,Diffuse_Large_B_Cell_Lymphoma,Diffuse_Large_B_Cell_Lymphoma,PUB_DLBCL_GSE64555
GSM1574214-PUB_DLBCL_GSE64555,Diffuse_Large_B_Cell_Lymphoma,GPL570,FFPE,Tumor,GSM1574214-PUB_DLBCL_GSE64555,PUB_DLBCL_GSE64555,GPL570_FFPE_Unknown,Diffuse_Large_B_Cell_Lymphoma,GPL570,Diffuse_Large_B_Cell_Lymphoma,Diffuse_Large_B_Cell_Lymphoma,PUB_DLBCL_GSE64555
GSM1574215-PUB_DLBCL_GSE64555,Diffuse_Large_B_Cell_Lymphoma,GPL570,FFPE,Tumor,GSM1574215-PUB_DLBCL_GSE64555,PUB_DLBCL_GSE64555,GPL570_FFPE_Unknown,Diffuse_Large_B_Cell_Lymphoma,GPL570,Diffuse_Large_B_Cell_Lymphoma,Diffuse_Large_B_Cell_Lymphoma,PUB_DLBCL_GSE64555
GSM1574216-PUB_DLBCL_GSE64555,Diffuse_Large_B_Cell_Lymphoma,GPL570,FFPE,Tumor,GSM1574216-PUB_DLBCL_GSE64555,PUB_DLBCL_GSE64555,GPL570_FFPE_Unknown,Diffuse_Large_B_Cell_Lymphoma,GPL570,Diffuse_Large_B_Cell_Lymphoma,Diffuse_Large_B_Cell_Lymphoma,PUB_DLBCL_GSE64555
GSM1574217-PUB_DLBCL_GSE64555,Diffuse_Large_B_Cell_Lymphoma,GPL570,FFPE,Tumor,GSM1574217-PUB_DLBCL_GSE64555,PUB_DLBCL_GSE64555,GPL570_FFPE_Unknown,Diffuse_Large_B_Cell_Lymphoma,GPL570,Diffuse_Large_B_Cell_Lymphoma,Diffuse_Large_B_Cell_Lymphoma,PUB_DLBCL_GSE64555
GSM1574218-PUB_DLBCL_GSE64555,Diffuse_Large_B_Cell_Lymphoma,GPL570,FFPE,Tumor,GSM1574218-PUB_DLBCL_GSE64555,PUB_DLBCL_GSE64555,GPL570_FFPE_Unknown,Diffuse_Large_B_Cell_Lymphoma,GPL570,Diffuse_Large_B_Cell_Lymphoma,Diffuse_Large_B_Cell_Lymphoma,PUB_DLBCL_GSE64555
GSM1574219-PUB_DLBCL_GSE64555,Diffuse_Large_B_Cell_Lymphoma,GPL570,FFPE,Tumor,GSM1574219-PUB_DLBCL_GSE64555,PUB_DLBCL_GSE64555,GPL570_FFPE_Unknown,Diffuse_Large_B_Cell_Lymphoma,GPL570,Diffuse_Large_B_Cell_Lymphoma,Diffuse_Large_B_Cell_Lymphoma,PUB_DLBCL_GSE64555
GSM1574220-PUB_DLBCL_GSE64555,Diffuse_Large_B_Cell_Lymphoma,GPL570,FFPE,Tumor,GSM1574220-PUB_DLBCL_GSE64555,PUB_DLBCL_GSE64555,GPL570_FFPE_Unknown,Diffuse_Large_B_Cell_Lymphoma,GPL570,Diffuse_Large_B_Cell_Lymphoma,Diffuse_Large_B_Cell_Lymphoma,PUB_DLBCL_GSE64555
GSM1574221-PUB_DLBCL_GSE64555,Diffuse_Large_B_Cell_Lymphoma,GPL570,FFPE,Tumor,GSM1574221-PUB_DLBCL_GSE64555,PUB_DLBCL_GSE64555,GPL570_FFPE_Unknown,Diffuse_Large_B_Cell_Lymphoma,GPL570,Diffuse_Large_B_Cell_Lymphoma,Diffuse_Large_B_Cell_Lymphoma,PUB_DLBCL_GSE64555
GSM1574222-PUB_DLBCL_GSE64555,Diffuse_Large_B_Cell_Lymphoma,GPL570,FFPE,Tumor,GSM1574222-PUB_DLBCL_GSE64555,PUB_DLBCL_GSE64555,GPL570_FFPE_Unknown,Diffuse_Large_B_Cell_Lymphoma,GPL570,Diffuse_Large_B_Cell_Lymphoma,Diffuse_Large_B_Cell_Lymphoma,PUB_DLBCL_GSE64555
GSM1574223-PUB_DLBCL_GSE64555,Diffuse_Large_B_Cell_Lymphoma,GPL570,FFPE,Tumor,GSM1574223-PUB_DLBCL_GSE64555,PUB_DLBCL_GSE64555,GPL570_FFPE_Unknown,Diffuse_Large_B_Cell_Lymphoma,GPL570,Diffuse_Large_B_Cell_Lymphoma,Diffuse_Large_B_Cell_Lymphoma,PUB_DLBCL_GSE64555
GSM1574224-PUB_DLBCL_GSE64555,Diffuse_Large_B_Cell_Lymphoma,GPL570,FFPE,Tumor,GSM1574224-PUB_DLBCL_GSE64555,PUB_DLBCL_GSE64555,GPL570_FFPE_Unknown,Diffuse_Large_B_Cell_Lymphoma,GPL570,Diffuse_Large_B_Cell_Lymphoma,Diffuse_Large_B_Cell_Lymphoma,PUB_DLBCL_GSE64555
GSM1574225-PUB_DLBCL_GSE64555,Diffuse_Large_B_Cell_Lymphoma,GPL570,FFPE,Tumor,GSM1574225-PUB_DLBCL_GSE64555,PUB_DLBCL_GSE64555,GPL570_FFPE_Unknown,Diffuse_Large_B_Cell_Lymphoma,GPL570,Diffuse_Large_B_Cell_Lymphoma,Diffuse_Large_B_Cell_Lymphoma,PUB_DLBCL_GSE64555
GSM1574226-PUB_DLBCL_GSE64555,Diffuse_Large_B_Cell_Lymphoma,GPL570,FFPE,Tumor,GSM1574226-PUB_DLBCL_GSE64555,PUB_DLBCL_GSE64555,GPL570_FFPE_Unknown,Diffuse_Large_B_Cell_Lymphoma,GPL570,Diffuse_Large_B_Cell_Lymphoma,Diffuse_Large_B_Cell_Lymphoma,PUB_DLBCL_GSE64555
GSM1574227-PUB_DLBCL_GSE64555,Diffuse_Large_B_Cell_Lymphoma,GPL570,FFPE,Tumor,GSM1574227-PUB_DLBCL_GSE64555,PUB_DLBCL_GSE64555,GPL570_FFPE_Unknown,Diffuse_Large_B_Cell_Lymphoma,GPL570,Diffuse_Large_B_Cell_Lymphoma,Diffuse_Large_B_Cell_Lymphoma,PUB_DLBCL_GSE64555
GSM1574228-PUB_DLBCL_GSE64555,Diffuse_Large_B_Cell_Lymphoma,GPL570,FFPE,Tumor,GSM1574228-PUB_DLBCL_GSE64555,PUB_DLBCL_GSE64555,GPL570_FFPE_Unknown,Diffuse_Large_B_Cell_Lymphoma,GPL570,Diffuse_Large_B_Cell_Lymphoma,Diffuse_Large_B_Cell_Lymphoma,PUB_DLBCL_GSE64555
GSM1574229-PUB_DLBCL_GSE64555,Diffuse_Large_B_Cell_Lymphoma,GPL570,FFPE,Tumor,GSM1574229-PUB_DLBCL_GSE64555,PUB_DLBCL_GSE64555,GPL570_FFPE_Unknown,Diffuse_Large_B_Cell_Lymphoma,GPL570,Diffuse_Large_B_Cell_Lymphoma,Diffuse_Large_B_Cell_Lymphoma,PUB_DLBCL_GSE64555
GSM1574230-PUB_DLBCL_GSE64555,Diffuse_Large_B_Cell_Lymphoma,GPL570,FFPE,Tumor,GSM1574230-PUB_DLBCL_GSE64555,PUB_DLBCL_GSE64555,GPL570_FFPE_Unknown,Diffuse_Large_B_Cell_Lymphoma,GPL570,Diffuse_Large_B_Cell_Lymphoma,Diffuse_Large_B_Cell_Lymphoma,PUB_DLBCL_GSE64555
GSM1574231-PUB_DLBCL_GSE64555,Diffuse_Large_B_Cell_Lymphoma,GPL570,FFPE,Tumor,GSM1574231-PUB_DLBCL_GSE64555,PUB_DLBCL_GSE64555,GPL570_FFPE_Unknown,Diffuse_Large_B_Cell_Lymphoma,GPL570,Diffuse_Large_B_Cell_Lymphoma,Diffuse_Large_B_Cell_Lymphoma,PUB_DLBCL_GSE64555
GSM1574232-PUB_DLBCL_GSE64555,Diffuse_Large_B_Cell_Lymphoma,GPL570,FFPE,Tumor,GSM1574232-PUB_DLBCL_GSE64555,PUB_DLBCL_GSE64555,GPL570_FFPE_Unknown,Diffuse_Large_B_Cell_Lymphoma,GPL570,Diffuse_Large_B_Cell_Lymphoma,Diffuse_Large_B_Cell_Lymphoma,PUB_DLBCL_GSE64555
GSM1574233-PUB_DLBCL_GSE64555,Diffuse_Large_B_Cell_Lymphoma,GPL570,FFPE,Tumor,GSM1574233-PUB_DLBCL_GSE64555,PUB_DLBCL_GSE64555,GPL570_FFPE_Unknown,Diffuse_Large_B_Cell_Lymphoma,GPL570,Diffuse_Large_B_Cell_Lymphoma,Diffuse_Large_B_Cell_Lymphoma,PUB_DLBCL_GSE64555
GSM1574234-PUB_DLBCL_GSE64555,Diffuse_Large_B_Cell_Lymphoma,GPL570,FFPE,Tumor,GSM1574234-PUB_DLBCL_GSE64555,PUB_DLBCL_GSE64555,GPL570_FFPE_Unknown,Diffuse_Large_B_Cell_Lymphoma,GPL570,Diffuse_Large_B_Cell_Lymphoma,Diffuse_Large_B_Cell_Lymphoma,PUB_DLBCL_GSE64555
GSM1690577,Naive,GPL20188,FF,Normal,GSM1690577,GSE69033,GPL20188_FF_Unknown,Naive,GPL20188,BG_BAGS,BG_BAGS,GSE69033
GSM1690578,Centroblast,GPL20188,FF,Normal,GSM1690578,GSE69033,GPL20188_FF_Unknown,Centroblast,GPL20188,BG_BAGS,BG_BAGS,GSE69033
GSM1690579,Centrocyte,GPL20188,FF,Normal,GSM1690579,GSE69033,GPL20188_FF_Unknown,Centrocyte,GPL20188,BG_BAGS,BG_BAGS,GSE69033
GSM1690580,Memory,GPL20188,FF,Normal,GSM1690580,GSE69033,GPL20188_FF_Unknown,Memory,GPL20188,BG_BAGS,BG_BAGS,GSE69033
GSM1690581,Plasma,GPL20188,FF,Normal,GSM1690581,GSE69033,GPL20188_FF_Unknown,Plasma,GPL20188,BG_BAGS,BG_BAGS,GSE69033
GSM1690582,Naive,GPL20188,FF,Normal,GSM1690582,GSE69033,GPL20188_FF_Unknown,Naive,GPL20188,BG_BAGS,BG_BAGS,GSE69033
GSM1690583,Centroblast,GPL20188,FF,Normal,GSM1690583,GSE69033,GPL20188_FF_Unknown,Centroblast,GPL20188,BG_BAGS,BG_BAGS,GSE69033
GSM1690584,Centrocyte,GPL20188,FF,Normal,GSM1690584,GSE69033,GPL20188_FF_Unknown,Centrocyte,GPL20188,BG_BAGS,BG_BAGS,GSE69033
GSM1690585,Memory,GPL20188,FF,Normal,GSM1690585,GSE69033,GPL20188_FF_Unknown,Memory,GPL20188,BG_BAGS,BG_BAGS,GSE69033
GSM1690586,Plasma,GPL20188,FF,Normal,GSM1690586,GSE69033,GPL20188_FF_Unknown,Plasma,GPL20188,BG_BAGS,BG_BAGS,GSE69033
GSM1690587,Naive,GPL20188,FF,Normal,GSM1690587,GSE69033,GPL20188_FF_Unknown,Naive,GPL20188,BG_BAGS,BG_BAGS,GSE69033
GSM1690588,Centroblast,GPL20188,FF,Normal,GSM1690588,GSE69033,GPL20188_FF_Unknown,Centroblast,GPL20188,BG_BAGS,BG_BAGS,GSE69033
GSM1690589,Centrocyte,GPL20188,FF,Normal,GSM1690589,GSE69033,GPL20188_FF_Unknown,Centrocyte,GPL20188,BG_BAGS,BG_BAGS,GSE69033
GSM1690590,Memory,GPL20188,FF,Normal,GSM1690590,GSE69033,GPL20188_FF_Unknown,Memory,GPL20188,BG_BAGS,BG_BAGS,GSE69033
GSM1690591,Plasma,GPL20188,FF,Normal,GSM1690591,GSE69033,GPL20188_FF_Unknown,Plasma,GPL20188,BG_BAGS,BG_BAGS,GSE69033
GSM1690592,Naive,GPL20188,FF,Normal,GSM1690592,GSE69033,GPL20188_FF_Unknown,Naive,GPL20188,BG_BAGS,BG_BAGS,GSE69033
GSM1690593,Centroblast,GPL20188,FF,Normal,GSM1690593,GSE69033,GPL20188_FF_Unknown,Centroblast,GPL20188,BG_BAGS,BG_BAGS,GSE69033
GSM1690594,Centrocyte,GPL20188,FF,Normal,GSM1690594,GSE69033,GPL20188_FF_Unknown,Centrocyte,GPL20188,BG_BAGS,BG_BAGS,GSE69033
GSM1690595,Memory,GPL20188,FF,Normal,GSM1690595,GSE69033,GPL20188_FF_Unknown,Memory,GPL20188,BG_BAGS,BG_BAGS,GSE69033
GSM1690596,Plasma,GPL20188,FF,Normal,GSM1690596,GSE69033,GPL20188_FF_Unknown,Plasma,GPL20188,BG_BAGS,BG_BAGS,GSE69033
GSM1690597,Naive,GPL20188,FF,Normal,GSM1690597,GSE69033,GPL20188_FF_Unknown,Naive,GPL20188,BG_BAGS,BG_BAGS,GSE69033
GSM1690598,Centroblast,GPL20188,FF,Normal,GSM1690598,GSE69033,GPL20188_FF_Unknown,Centroblast,GPL20188,BG_BAGS,BG_BAGS,GSE69033
GSM1690599,Centrocyte,GPL20188,FF,Normal,GSM1690599,GSE69033,GPL20188_FF_Unknown,Centrocyte,GPL20188,BG_BAGS,BG_BAGS,GSE69033
GSM1690600,Memory,GPL20188,FF,Normal,GSM1690600,GSE69033,GPL20188_FF_Unknown,Memory,GPL20188,BG_BAGS,BG_BAGS,GSE69033
GSM1690601,Plasma,GPL20188,FF,Normal,GSM1690601,GSE69033,GPL20188_FF_Unknown,Plasma,GPL20188,BG_BAGS,BG_BAGS,GSE69033
GSM1690602,Naive,GPL20188,FF,Normal,GSM1690602,GSE69033,GPL20188_FF_Unknown,Naive,GPL20188,BG_BAGS,BG_BAGS,GSE69033
GSM1690603,Centroblast,GPL20188,FF,Normal,GSM1690603,GSE69033,GPL20188_FF_Unknown,Centroblast,GPL20188,BG_BAGS,BG_BAGS,GSE69033
GSM1690604,Centrocyte,GPL20188,FF,Normal,GSM1690604,GSE69033,GPL20188_FF_Unknown,Centrocyte,GPL20188,BG_BAGS,BG_BAGS,GSE69033
GSM1690605,Memory,GPL20188,FF,Normal,GSM1690605,GSE69033,GPL20188_FF_Unknown,Memory,GPL20188,BG_BAGS,BG_BAGS,GSE69033
GSM1690606,Plasma,GPL20188,FF,Normal,GSM1690606,GSE69033,GPL20188_FF_Unknown,Plasma,GPL20188,BG_BAGS,BG_BAGS,GSE69033
GSM4453536-PUB_FL_GSE148070,Follicular_Lymphoma,GPL17586,FF,Tumor,GSM4453536-PUB_FL_GSE148070,PUB_FL_GSE148070,GPL17586_FF_Unknown,Follicular_Lymphoma,GPL17586,Follicular_Lymphoma,Follicular_Lymphoma,PUB_FL_GSE148070
GSM4453537-PUB_FL_GSE148070,Follicular_Lymphoma,GPL17586,FF,Tumor,GSM4453537-PUB_FL_GSE148070,PUB_FL_GSE148070,GPL17586_FF_Unknown,Follicular_Lymphoma,GPL17586,Follicular_Lymphoma,Follicular_Lymphoma,PUB_FL_GSE148070
GSM4453538-PUB_FL_GSE148070,Follicular_Lymphoma,GPL17586,FF,Tumor,GSM4453538-PUB_FL_GSE148070,PUB_FL_GSE148070,GPL17586_FF_Unknown,Follicular_Lymphoma,GPL17586,Follicular_Lymphoma,Follicular_Lymphoma,PUB_FL_GSE148070
GSM4453539-PUB_FL_GSE148070,Follicular_Lymphoma,GPL17586,FF,Tumor,GSM4453539-PUB_FL_GSE148070,PUB_FL_GSE148070,GPL17586_FF_Unknown,Follicular_Lymphoma,GPL17586,Follicular_Lymphoma,Follicular_Lymphoma,PUB_FL_GSE148070
GSM4453540-PUB_FL_GSE148070,Follicular_Lymphoma,GPL17586,FF,Tumor,GSM4453540-PUB_FL_GSE148070,PUB_FL_GSE148070,GPL17586_FF_Unknown,Follicular_Lymphoma,GPL17586,Follicular_Lymphoma,Follicular_Lymphoma,PUB_FL_GSE148070
GSM4453541-PUB_FL_GSE148070,Follicular_Lymphoma,GPL17586,FF,Tumor,GSM4453541-PUB_FL_GSE148070,PUB_FL_GSE148070,GPL17586_FF_Unknown,Follicular_Lymphoma,GPL17586,Follicular_Lymphoma,Follicular_Lymphoma,PUB_FL_GSE148070
GSM4453542-PUB_FL_GSE148070,Follicular_Lymphoma,GPL17586,FF,Tumor,GSM4453542-PUB_FL_GSE148070,PUB_FL_GSE148070,GPL17586_FF_Unknown,Follicular_Lymphoma,GPL17586,Follicular_Lymphoma,Follicular_Lymphoma,PUB_FL_GSE148070
GSM4453543-PUB_FL_GSE148070,Follicular_Lymphoma,GPL17586,FF,Tumor,GSM4453543-PUB_FL_GSE148070,PUB_FL_GSE148070,GPL17586_FF_Unknown,Follicular_Lymphoma,GPL17586,Follicular_Lymphoma,Follicular_Lymphoma,PUB_FL_GSE148070
GSM4453544-PUB_FL_GSE148070,Follicular_Lymphoma,GPL17586,FF,Tumor,GSM4453544-PUB_FL_GSE148070,PUB_FL_GSE148070,GPL17586_FF_Unknown,Follicular_Lymphoma,GPL17586,Follicular_Lymphoma,Follicular_Lymphoma,PUB_FL_GSE148070
GSM4453545-PUB_FL_GSE148070,Follicular_Lymphoma,GPL17586,FF,Tumor,GSM4453545-PUB_FL_GSE148070,PUB_FL_GSE148070,GPL17586_FF_Unknown,Follicular_Lymphoma,GPL17586,Follicular_Lymphoma,Follicular_Lymphoma,PUB_FL_GSE148070
GSM4453546-PUB_FL_GSE148070,Follicular_Lymphoma,GPL17586,FF,Tumor,GSM4453546-PUB_FL_GSE148070,PUB_FL_GSE148070,GPL17586_FF_Unknown,Follicular_Lymphoma,GPL17586,Follicular_Lymphoma,Follicular_Lymphoma,PUB_FL_GSE148070
GSM4453547-PUB_FL_GSE148070,Follicular_Lymphoma,GPL17586,FF,Tumor,GSM4453547-PUB_FL_GSE148070,PUB_FL_GSE148070,GPL17586_FF_Unknown,Follicular_Lymphoma,GPL17586,Follicular_Lymphoma,Follicular_Lymphoma,PUB_FL_GSE148070
GSM4453548-PUB_FL_GSE148070,Follicular_Lymphoma,GPL17586,FF,Tumor,GSM4453548-PUB_FL_GSE148070,PUB_FL_GSE148070,GPL17586_FF_Unknown,Follicular_Lymphoma,GPL17586,Follicular_Lymphoma,Follicular_Lymphoma,PUB_FL_GSE148070
GSM4453549-PUB_FL_GSE148070,Follicular_Lymphoma,GPL17586,FF,Tumor,GSM4453549-PUB_FL_GSE148070,PUB_FL_GSE148070,GPL17586_FF_Unknown,Follicular_Lymphoma,GPL17586,Follicular_Lymphoma,Follicular_Lymphoma,PUB_FL_GSE148070
GSM4453550-PUB_FL_GSE148070,Follicular_Lymphoma,GPL17586,FF,Tumor,GSM4453550-PUB_FL_GSE148070,PUB_FL_GSE148070,GPL17586_FF_Unknown,Follicular_Lymphoma,GPL17586,Follicular_Lymphoma,Follicular_Lymphoma,PUB_FL_GSE148070
GSM4453551-PUB_FL_GSE148070,Follicular_Lymphoma,GPL17586,FF,Tumor,GSM4453551-PUB_FL_GSE148070,PUB_FL_GSE148070,GPL17586_FF_Unknown,Follicular_Lymphoma,GPL17586,Follicular_Lymphoma,Follicular_Lymphoma,PUB_FL_GSE148070
GSM4453552-PUB_FL_GSE148070,Follicular_Lymphoma,GPL17586,FF,Tumor,GSM4453552-PUB_FL_GSE148070,PUB_FL_GSE148070,GPL17586_FF_Unknown,Follicular_Lymphoma,GPL17586,Follicular_Lymphoma,Follicular_Lymphoma,PUB_FL_GSE148070
GSM4453553-PUB_FL_GSE148070,Follicular_Lymphoma,GPL17586,FF,Tumor,GSM4453553-PUB_FL_GSE148070,PUB_FL_GSE148070,GPL17586_FF_Unknown,Follicular_Lymphoma,GPL17586,Follicular_Lymphoma,Follicular_Lymphoma,PUB_FL_GSE148070
GSM4453554-PUB_FL_GSE148070,Follicular_Lymphoma,GPL17586,FF,Tumor,GSM4453554-PUB_FL_GSE148070,PUB_FL_GSE148070,GPL17586_FF_Unknown,Follicular_Lymphoma,GPL17586,Follicular_Lymphoma,Follicular_Lymphoma,PUB_FL_GSE148070
GSM4453555-PUB_FL_GSE148070,Follicular_Lymphoma,GPL17586,FF,Tumor,GSM4453555-PUB_FL_GSE148070,PUB_FL_GSE148070,GPL17586_FF_Unknown,Follicular_Lymphoma,GPL17586,Follicular_Lymphoma,Follicular_Lymphoma,PUB_FL_GSE148070
GSM4453556-PUB_FL_GSE148070,Follicular_Lymphoma,GPL17586,FF,Tumor,GSM4453556-PUB_FL_GSE148070,PUB_FL_GSE148070,GPL17586_FF_Unknown,Follicular_Lymphoma,GPL17586,Follicular_Lymphoma,Follicular_Lymphoma,PUB_FL_GSE148070
GSM4453557-PUB_FL_GSE148070,Follicular_Lymphoma,GPL17586,FF,Tumor,GSM4453557-PUB_FL_GSE148070,PUB_FL_GSE148070,GPL17586_FF_Unknown,Follicular_Lymphoma,GPL17586,Follicular_Lymphoma,Follicular_Lymphoma,PUB_FL_GSE148070
GSM4453558-PUB_FL_GSE148070,Follicular_Lymphoma,GPL17586,FF,Tumor,GSM4453558-PUB_FL_GSE148070,PUB_FL_GSE148070,GPL17586_FF_Unknown,Follicular_Lymphoma,GPL17586,Follicular_Lymphoma,Follicular_Lymphoma,PUB_FL_GSE148070
GSM4453559-PUB_FL_GSE148070,Follicular_Lymphoma,GPL17586,FF,Tumor,GSM4453559-PUB_FL_GSE148070,PUB_FL_GSE148070,GPL17586_FF_Unknown,Follicular_Lymphoma,GPL17586,Follicular_Lymphoma,Follicular_Lymphoma,PUB_FL_GSE148070
GSM4453560-PUB_FL_GSE148070,Follicular_Lymphoma,GPL17586,FF,Tumor,GSM4453560-PUB_FL_GSE148070,PUB_FL_GSE148070,GPL17586_FF_Unknown,Follicular_Lymphoma,GPL17586,Follicular_Lymphoma,Follicular_Lymphoma,PUB_FL_GSE148070
GSM4453561-PUB_FL_GSE148070,Follicular_Lymphoma,GPL17586,FF,Tumor,GSM4453561-PUB_FL_GSE148070,PUB_FL_GSE148070,GPL17586_FF_Unknown,Follicular_Lymphoma,GPL17586,Follicular_Lymphoma,Follicular_Lymphoma,PUB_FL_GSE148070
GSM4453562-PUB_FL_GSE148070,Follicular_Lymphoma,GPL17586,FF,Tumor,GSM4453562-PUB_FL_GSE148070,PUB_FL_GSE148070,GPL17586_FF_Unknown,Follicular_Lymphoma,GPL17586,Follicular_Lymphoma,Follicular_Lymphoma,PUB_FL_GSE148070
GSM4453563-PUB_FL_GSE148070,Follicular_Lymphoma,GPL17586,FF,Tumor,GSM4453563-PUB_FL_GSE148070,PUB_FL_GSE148070,GPL17586_FF_Unknown,Follicular_Lymphoma,GPL17586,Follicular_Lymphoma,Follicular_Lymphoma,PUB_FL_GSE148070
GSM4453564-PUB_FL_GSE148070,Follicular_Lymphoma,GPL17586,FF,Tumor,GSM4453564-PUB_FL_GSE148070,PUB_FL_GSE148070,GPL17586_FF_Unknown,Follicular_Lymphoma,GPL17586,Follicular_Lymphoma,Follicular_Lymphoma,PUB_FL_GSE148070
GSM4453565-PUB_FL_GSE148070,Follicular_Lymphoma,GPL17586,FF,Tumor,GSM4453565-PUB_FL_GSE148070,PUB_FL_GSE148070,GPL17586_FF_Unknown,Follicular_Lymphoma,GPL17586,Follicular_Lymphoma,Follicular_Lymphoma,PUB_FL_GSE148070
GSM4453566-PUB_FL_GSE148070,Follicular_Lymphoma,GPL17586,FF,Tumor,GSM4453566-PUB_FL_GSE148070,PUB_FL_GSE148070,GPL17586_FF_Unknown,Follicular_Lymphoma,GPL17586,Follicular_Lymphoma,Follicular_Lymphoma,PUB_FL_GSE148070
GSM4453567-PUB_FL_GSE148070,Follicular_Lymphoma,GPL17586,FF,Tumor,GSM4453567-PUB_FL_GSE148070,PUB_FL_GSE148070,GPL17586_FF_Unknown,Follicular_Lymphoma,GPL17586,Follicular_Lymphoma,Follicular_Lymphoma,PUB_FL_GSE148070
GSM4453568-PUB_FL_GSE148070,Follicular_Lymphoma,GPL17586,FF,Tumor,GSM4453568-PUB_FL_GSE148070,PUB_FL_GSE148070,GPL17586_FF_Unknown,Follicular_Lymphoma,GPL17586,Follicular_Lymphoma,Follicular_Lymphoma,PUB_FL_GSE148070
GSM4453569-PUB_FL_GSE148070,Follicular_Lymphoma,GPL17586,FF,Tumor,GSM4453569-PUB_FL_GSE148070,PUB_FL_GSE148070,GPL17586_FF_Unknown,Follicular_Lymphoma,GPL17586,Follicular_Lymphoma,Follicular_Lymphoma,PUB_FL_GSE148070
GSM4453570-PUB_FL_GSE148070,Follicular_Lymphoma,GPL17586,FF,Tumor,GSM4453570-PUB_FL_GSE148070,PUB_FL_GSE148070,GPL17586_FF_Unknown,Follicular_Lymphoma,GPL17586,Follicular_Lymphoma,Follicular_Lymphoma,PUB_FL_GSE148070
GSM4453571-PUB_FL_GSE148070,Follicular_Lymphoma,GPL17586,FF,Tumor,GSM4453571-PUB_FL_GSE148070,PUB_FL_GSE148070,GPL17586_FF_Unknown,Follicular_Lymphoma,GPL17586,Follicular_Lymphoma,Follicular_Lymphoma,PUB_FL_GSE148070
GSM4453572-PUB_FL_GSE148070,Follicular_Lymphoma,GPL17586,FF,Tumor,GSM4453572-PUB_FL_GSE148070,PUB_FL_GSE148070,GPL17586_FF_Unknown,Follicular_Lymphoma,GPL17586,Follicular_Lymphoma,Follicular_Lymphoma,PUB_FL_GSE148070
GSM4453573-PUB_FL_GSE148070,Follicular_Lymphoma,GPL17586,FF,Tumor,GSM4453573-PUB_FL_GSE148070,PUB_FL_GSE148070,GPL17586_FF_Unknown,Follicular_Lymphoma,GPL17586,Follicular_Lymphoma,Follicular_Lymphoma,PUB_FL_GSE148070
GSM4453574-PUB_FL_GSE148070,Follicular_Lymphoma,GPL17586,FF,Tumor,GSM4453574-PUB_FL_GSE148070,PUB_FL_GSE148070,GPL17586_FF_Unknown,Follicular_Lymphoma,GPL17586,Follicular_Lymphoma,Follicular_Lymphoma,PUB_FL_GSE148070
GSM4453575-PUB_FL_GSE148070,Follicular_Lymphoma,GPL17586,FF,Tumor,GSM4453575-PUB_FL_GSE148070,PUB_FL_GSE148070,GPL17586_FF_Unknown,Follicular_Lymphoma,GPL17586,Follicular_Lymphoma,Follicular_Lymphoma,PUB_FL_GSE148070
SRX4624389,GC,RNASeq,FF,Normal,SRX4624389,PUB_Health_B_cells_GSE119234,RNASeq_FF_rRNADepletion,GC,RNAseq,BG_BAGS,BG_BAGS,PUB_Health_B_cells_GSE119234
SRX4624390,Memory,RNASeq,FF,Normal,SRX4624390,PUB_Health_B_cells_GSE119234,RNASeq_FF_rRNADepletion,Memory,RNAseq,BG_BAGS,BG_BAGS,PUB_Health_B_cells_GSE119234
SRX4624391,Naive,RNASeq,FF,Normal,SRX4624391,PUB_Health_B_cells_GSE119234,RNASeq_FF_rRNADepletion,Naive,RNAseq,BG_BAGS,BG_BAGS,PUB_Health_B_cells_GSE119234
SRX4624392,Memory,RNASeq,FF,Normal,SRX4624392,PUB_Health_B_cells_GSE119234,RNASeq_FF_rRNADepletion,Memory,RNAseq,BG_BAGS,BG_BAGS,PUB_Health_B_cells_GSE119234
SRX4624393,GC,RNASeq,FF,Normal,SRX4624393,PUB_Health_B_cells_GSE119234,RNASeq_FF_rRNADepletion,GC,RNAseq,BG_BAGS,BG_BAGS,PUB_Health_B_cells_GSE119234
SRX4624394,Memory,RNASeq,FF,Normal,SRX4624394,PUB_Health_B_cells_GSE119234,RNASeq_FF_rRNADepletion,Memory,RNAseq,BG_BAGS,BG_BAGS,PUB_Health_B_cells_GSE119234
SRX4624395,Naive,RNASeq,FF,Normal,SRX4624395,PUB_Health_B_cells_GSE119234,RNASeq_FF_rRNADepletion,Naive,RNAseq,BG_BAGS,BG_BAGS,PUB_Health_B_cells_GSE119234
SRX4624396,Memory,RNASeq,FF,Normal,SRX4624396,PUB_Health_B_cells_GSE119234,RNASeq_FF_rRNADepletion,Memory,RNAseq,BG_BAGS,BG_BAGS,PUB_Health_B_cells_GSE119234
SRX4624397,GC,RNASeq,FF,Normal,SRX4624397,PUB_Health_B_cells_GSE119234,RNASeq_FF_rRNADepletion,GC,RNAseq,BG_BAGS,BG_BAGS,PUB_Health_B_cells_GSE119234
SRX4624398,Memory,RNASeq,FF,Normal,SRX4624398,PUB_Health_B_cells_GSE119234,RNASeq_FF_rRNADepletion,Memory,RNAseq,BG_BAGS,BG_BAGS,PUB_Health_B_cells_GSE119234
SRX4624399,Naive,RNASeq,FF,Normal,SRX4624399,PUB_Health_B_cells_GSE119234,RNASeq_FF_rRNADepletion,Naive,RNAseq,BG_BAGS,BG_BAGS,PUB_Health_B_cells_GSE119234
SRX4624400,Memory,RNASeq,FF,Normal,SRX4624400,PUB_Health_B_cells_GSE119234,RNASeq_FF_rRNADepletion,Memory,RNAseq,BG_BAGS,BG_BAGS,PUB_Health_B_cells_GSE119234
SRX4624401,GC,RNASeq,FF,Normal,SRX4624401,PUB_Health_B_cells_GSE119234,RNASeq_FF_rRNADepletion,GC,RNAseq,BG_BAGS,BG_BAGS,PUB_Health_B_cells_GSE119234
SRX4624402,Memory,RNASeq,FF,Normal,SRX4624402,PUB_Health_B_cells_GSE119234,RNASeq_FF_rRNADepletion,Memory,RNAseq,BG_BAGS,BG_BAGS,PUB_Health_B_cells_GSE119234
SRX4624403,Naive,RNASeq,FF,Normal,SRX4624403,PUB_Health_B_cells_GSE119234,RNASeq_FF_rRNADepletion,Naive,RNAseq,BG_BAGS,BG_BAGS,PUB_Health_B_cells_GSE119234
SRX4624404,Memory,RNASeq,FF,Normal,SRX4624404,PUB_Health_B_cells_GSE119234,RNASeq_FF_rRNADepletion,Memory,RNAseq,BG_BAGS,BG_BAGS,PUB_Health_B_cells_GSE119234
SRX4624405,GC,RNASeq,FF,Normal,SRX4624405,PUB_Health_B_cells_GSE119234,RNASeq_FF_rRNADepletion,GC,RNAseq,BG_BAGS,BG_BAGS,PUB_Health_B_cells_GSE119234
SRX4624406,Memory,RNASeq,FF,Normal,SRX4624406,PUB_Health_B_cells_GSE119234,RNASeq_FF_rRNADepletion,Memory,RNAseq,BG_BAGS,BG_BAGS,PUB_Health_B_cells_GSE119234
SRX4624407,Naive,RNASeq,FF,Normal,SRX4624407,PUB_Health_B_cells_GSE119234,RNASeq_FF_rRNADepletion,Naive,RNAseq,BG_BAGS,BG_BAGS,PUB_Health_B_cells_GSE119234
SRX4624408,Memory,RNASeq,FF,Normal,SRX4624408,PUB_Health_B_cells_GSE119234,RNASeq_FF_rRNADepletion,Memory,RNAseq,BG_BAGS,BG_BAGS,PUB_Health_B_cells_GSE119234
SRX730599-PUB_FL_GSE62241,Follicular_Lymphoma,RNASeq,FF,Tumor,SRX730599-PUB_FL_GSE62241,PUB_FL_GSE62241,RNASeq_FF_rRNADepletion,Follicular_Lymphoma,RNASeq,Follicular_Lymphoma,Follicular_Lymphoma,PUB_FL_GSE62241
SRX730600-PUB_FL_GSE62241,Follicular_Lymphoma,RNASeq,FF,Tumor,SRX730600-PUB_FL_GSE62241,PUB_FL_GSE62241,RNASeq_FF_rRNADepletion,Follicular_Lymphoma,RNASeq,Follicular_Lymphoma,Follicular_Lymphoma,PUB_FL_GSE62241
SRX730601-PUB_FL_GSE62241,Follicular_Lymphoma,RNASeq,FF,Tumor,SRX730601-PUB_FL_GSE62241,PUB_FL_GSE62241,RNASeq_FF_rRNADepletion,Follicular_Lymphoma,RNASeq,Follicular_Lymphoma,Follicular_Lymphoma,PUB_FL_GSE62241
SRX730602-PUB_FL_GSE62241,Follicular_Lymphoma,RNASeq,FF,Tumor,SRX730602-PUB_FL_GSE62241,PUB_FL_GSE62241,RNASeq_FF_rRNADepletion,Follicular_Lymphoma,RNASeq,Follicular_Lymphoma,Follicular_Lymphoma,PUB_FL_GSE62241
SRX730603-PUB_FL_GSE62241,Follicular_Lymphoma,RNASeq,FF,Tumor,SRX730603-PUB_FL_GSE62241,PUB_FL_GSE62241,RNASeq_FF_rRNADepletion,Follicular_Lymphoma,RNASeq,Follicular_Lymphoma,Follicular_Lymphoma,PUB_FL_GSE62241
SRX730604-PUB_FL_GSE62241,Follicular_Lymphoma,RNASeq,FF,Tumor,SRX730604-PUB_FL_GSE62241,PUB_FL_GSE62241,RNASeq_FF_rRNADepletion,Follicular_Lymphoma,RNASeq,Follicular_Lymphoma,Follicular_Lymphoma,PUB_FL_GSE62241
SRX730605-PUB_FL_GSE62241,Follicular_Lymphoma,RNASeq,FF,Tumor,SRX730605-PUB_FL_GSE62241,PUB_FL_GSE62241,RNASeq_FF_rRNADepletion,Follicular_Lymphoma,RNASeq,Follicular_Lymphoma,Follicular_Lymphoma,PUB_FL_GSE62241
SRX730606-PUB_FL_GSE62241,Follicular_Lymphoma,RNASeq,FF,Tumor,SRX730606-PUB_FL_GSE62241,PUB_FL_GSE62241,RNASeq_FF_rRNADepletion,Follicular_Lymphoma,RNASeq,Follicular_Lymphoma,Follicular_Lymphoma,PUB_FL_GSE62241
SRX730607-PUB_FL_GSE62241,Follicular_Lymphoma,RNASeq,FF,Tumor,SRX730607-PUB_FL_GSE62241,PUB_FL_GSE62241,RNASeq_FF_rRNADepletion,Follicular_Lymphoma,RNASeq,Follicular_Lymphoma,Follicular_Lymphoma,PUB_FL_GSE62241
SRX730608-PUB_FL_GSE62241,Follicular_Lymphoma,RNASeq,FF,Tumor,SRX730608-PUB_FL_GSE62241,PUB_FL_GSE62241,RNASeq_FF_rRNADepletion,Follicular_Lymphoma,RNASeq,Follicular_Lymphoma,Follicular_Lymphoma,PUB_FL_GSE62241
SRX730609-PUB_FL_GSE62241,Follicular_Lymphoma,RNASeq,FF,Normal,SRX730609-PUB_FL_GSE62241,PUB_FL_GSE62241,RNASeq_FF_rRNADepletion,Follicular_Lymphoma,RNASeq,Follicular_Lymphoma,Follicular_Lymphoma,PUB_FL_GSE62241
SRX730610-PUB_FL_GSE62241,Follicular_Lymphoma,RNASeq,FF,Normal,SRX730610-PUB_FL_GSE62241,PUB_FL_GSE62241,RNASeq_FF_rRNADepletion,Follicular_Lymphoma,RNASeq,Follicular_Lymphoma,Follicular_Lymphoma,PUB_FL_GSE62241
SRX730611-PUB_FL_GSE62241,Follicular_Lymphoma,RNASeq,FF,Normal,SRX730611-PUB_FL_GSE62241,PUB_FL_GSE62241,RNASeq_FF_rRNADepletion,Follicular_Lymphoma,RNASeq,Follicular_Lymphoma,Follicular_Lymphoma,PUB_FL_GSE62241
SRX730612-PUB_FL_GSE62241,Follicular_Lymphoma,RNASeq,FF,Normal,SRX730612-PUB_FL_GSE62241,PUB_FL_GSE62241,RNASeq_FF_rRNADepletion,Follicular_Lymphoma,RNASeq,Follicular_Lymphoma,Follicular_Lymphoma,PUB_FL_GSE62241
